Title,Media URL,Pinterest board,Thumbnail,Description,Link,Publish date,Keywords
Ka'ak Halabi Recipe (Syrian Savory Sesame Cookies),https://sweetsaltyrecipes.com/pins/savory-syrian-kaak.jpg,Cookie Recipes,,"Aleppo's crunchy sesame rings, warm with mahleb and spice. Total time: 2 hr. Yield: About 40 ka'ak.",https://sweetsaltyrecipes.com/recipe-pages/savory-syrian-kaak.html,2026-09-11T20:00:00,"Cookie, Middle East, Salty, Moderate"
Crunchy Italian Biscotti Recipe (Twice-Baked),https://sweetsaltyrecipes.com/pins/biscotti.jpg,Cookie Recipes,,"Crunchy twice-baked Tuscan cookies, made for dunking. Total time: 1 hr 20 min. Yield: 30–36 pieces.",https://sweetsaltyrecipes.com/recipe-pages/biscotti.html,2026-09-12T20:00:00,"Cookie, Italy, Sweet, Moderate"
Italian S Cookies (Esse) — Lemon Butter Cookies,https://sweetsaltyrecipes.com/pins/italian-s-cookies.jpg,Cookie Recipes,,"S-shaped Italian butter cookies, scented with lemon zest. Total time: 40 min. Yield: 30–35 cookies.",https://sweetsaltyrecipes.com/recipe-pages/italian-s-cookies.html,2026-09-12T20:00:00,"Cookie, Italy, Sweet, Easy"
Muhallebi Recipe: Creamy Middle Eastern Milk Pudding,https://sweetsaltyrecipes.com/pins/muhallebi.jpg,Dessert Recipes,,Silky Middle Eastern milk pudding with nuts and syrup. Total time: 3 hr 30 min. Yield: 4 servings.,https://sweetsaltyrecipes.com/recipe-pages/muhallebi.html,2026-09-13T20:00:00,"Dessert, Middle East, Sweet, Easy"
Classic French Crêpes Recipe,https://sweetsaltyrecipes.com/pins/crepe.jpg,Breakfast Recipes,,"Thin, lacy pancakes from Brittany, sweet or savory. Total time: 58 min. Yield: 10–12 crêpes.",https://sweetsaltyrecipes.com/recipe-pages/crepe.html,2026-09-13T20:00:00,"Breakfast, France, Sweet, Easy"
Chocolate Soufflé Recipe (Rich & Airy),https://sweetsaltyrecipes.com/pins/chocolate-souffle.jpg,Pastry Recipes,,"Flourless and barely set, sinking as it leaves the oven. Total time: 45 min. Yield: 4 soufflés.",https://sweetsaltyrecipes.com/recipe-pages/chocolate-souffle.html,2026-09-14T20:00:00,"Pastry, France, Sweet, Moderate"
Classic Vanilla Cupcakes Recipe,https://sweetsaltyrecipes.com/pins/cupcake.jpg,Pastry Recipes,,Small single-serve cakes under a swirl of frosting. Total time: 1 hr 30 min. Yield: 12 cupcakes.,https://sweetsaltyrecipes.com/recipe-pages/cupcake.html,2026-09-14T20:00:00,"Pastry, USA, Sweet, Moderate"
French Sablé Cookies Recipe,https://sweetsaltyrecipes.com/pins/sable-cookies.jpg,Cookie Recipes,,"Crisp, sandy French butter cookies with a sugared edge. Total time: 1 hr 40 min. Yield: 24–30 cookies.",https://sweetsaltyrecipes.com/recipe-pages/sable-cookies.html,2026-09-15T20:00:00,"Cookie, France, Sweet, Easy"
French Macarons Recipe (Step-by-Step),https://sweetsaltyrecipes.com/pins/french-macarons.jpg,Pastry Recipes,,Almond-meringue shells with ruffled feet and buttercream. Total time: 26 hr. Yield: 20–25 macarons.,https://sweetsaltyrecipes.com/recipe-pages/french-macarons.html,2026-09-16T20:00:00,"Pastry, France, Sweet, Hard"
Classic Danish Butter Cookies Recipe,https://sweetsaltyrecipes.com/pins/danish-butter-cookies.jpg,Cookie Recipes,,"Piped rings from the blue tin — pale gold, and they snap. Total time: 45 min. Yield: 30–32 cookies.",https://sweetsaltyrecipes.com/recipe-pages/danish-butter-cookies.html,2026-09-16T20:00:00,"Cookie, Denmark, Sweet, Easy"
Classic Chocolate Chip Cookies Recipe,https://sweetsaltyrecipes.com/pins/chocolate-chip-cookies.jpg,Cookie Recipes,,"Melted butter and brown sugar, built for chew over cake. Total time: 40 min. Yield: 30–40 cookies.",https://sweetsaltyrecipes.com/recipe-pages/chocolate-chip-cookies.html,2026-09-17T20:00:00,"Cookie, USA, Sweet, Easy"
Traditional Austrian Apple Strudel Recipe,https://sweetsaltyrecipes.com/pins/apple-strudel.jpg,Pastry Recipes,,Spiced apples and raisins in paper-thin Viennese pastry. Total time: 2 hr 40 min. Yield: 8–10 pieces.,https://sweetsaltyrecipes.com/recipe-pages/apple-strudel.html,2026-09-17T20:00:00,"Pastry, Austria, Sweet, Moderate"
Classic Gingerbread Cookies Recipe,https://sweetsaltyrecipes.com/pins/gingerbread-cookies.jpg,Cookie Recipes,,"Molasses dough spiced with ginger and cloves, cut to shape. Total time: 2 hr 40 min. Yield: 30–40 cookies.",https://sweetsaltyrecipes.com/recipe-pages/gingerbread-cookies.html,2026-09-18T20:00:00,"Cookie, Germany, Sweet, Easy"
Classic French Toast Recipe (Pain Perdu),https://sweetsaltyrecipes.com/pins/french-toast.jpg,Breakfast Recipes,,"Custard-soaked bread, fried crisp outside and tender within. Total time: 30 min. Yield: 8 French toasts.",https://sweetsaltyrecipes.com/recipe-pages/french-toast.html,2026-09-19T20:00:00,"Breakfast, France, Sweet, Easy"
Homemade Pizza Recipe (Italian-Style),https://sweetsaltyrecipes.com/pins/pizza.jpg,Pastry Recipes,,A blistered Naples crust with tomato and fresh mozzarella. Total time: 2 hr 50 min. Yield: Three 12-inch pizzas.,https://sweetsaltyrecipes.com/recipe-pages/pizza.html,2026-09-19T20:00:00,"Pastry, Italy, Salty, Easy"
Classic New York Cheesecake Recipe,https://sweetsaltyrecipes.com/pins/new-york-cheesecake.jpg,Dessert Recipes,,"Tall and dense, baked low in a water bath so it never cracks. Total time: 7 hr. Yield: 12–16 slices.",https://sweetsaltyrecipes.com/recipe-pages/new-york-cheesecake.html,2026-09-20T20:00:00,"Cake, USA, Sweet, Moderate"
Homemade French Croissants Recipe,https://sweetsaltyrecipes.com/pins/croissant.jpg,Pastry Recipes,,"Three folds, three chills, and a hundred layers of butter. Total time: 6 hr. Yield: 12–16 croissants.",https://sweetsaltyrecipes.com/recipe-pages/croissant.html,2026-09-20T20:00:00,"Pastry, France, Sweet, Moderate"
Vanillekipferl: Austrian Christmas Cookies,https://sweetsaltyrecipes.com/pins/vanillekipferl.jpg,Cookie Recipes,,Almond-shortbread crescents rolled warm in vanilla sugar. Total time: 1 hr 45 min. Yield: 45–50 cookies.,https://sweetsaltyrecipes.com/recipe-pages/vanillekipferl.html,2026-09-21T20:00:00,"Cookie, Austria, Sweet, Moderate"
Gevulde Koek Recipe (Dutch Almond Cookies),https://sweetsaltyrecipes.com/pins/gevulde-koek.jpg,Cookie Recipes,,Dutch shortcrust cookies filled with sweet almond paste. Total time: 2 hr. Yield: 10–12 cookies.,https://sweetsaltyrecipes.com/recipe-pages/gevulde-koek.html,2026-09-21T20:00:00,"Cookie, Netherlands, Sweet, Moderate"
Sachertorte Recipe (Classic Viennese Chocolate Cake),https://sweetsaltyrecipes.com/pins/sachertorte.jpg,Dessert Recipes,,"Dense Viennese chocolate cake, apricot jam, dark glaze. Total time: 4 hr. Yield: 12–14 slices.",https://sweetsaltyrecipes.com/recipe-pages/sachertorte.html,2026-09-22T20:00:00,"Cake, Austria, Sweet, Hard"
